Input JSON,Model Name,Generating Batch Size,Description,Examples,flag,username,timestamp
"input: ""(2+8)*3""
output: ""(2+8)*3
= 10*3
= 30""",llama3-8b-8192,3,"Task Description: This task type involves evaluating a mathematical expression involving integers and basic arithmetic operations (addition and multiplication). The input is a string representing the mathematical expression, and the output is the result of the evaluation in a step-by-step format, including the original expression and the intermediate results, equal to the final result.","{""headers"": [""Input"", ""Output""], ""data"": [[""2 * 3 + 4"", ""2 * 3 + 4 = 6 + 4 = 10""], [""5 - 2 + 1"", ""5 - 2 + 1 = 3 + 1 = 4""], [""7 * 2 - 3"", ""7 * 2 - 3 = 14 - 3 = 11""], [""10-2+4"", ""10-2+4 = 8+4 = 12""], [""(5*3)+2"", ""(5*3)+2 = 15+2 = 17""], [""7-3*2"", ""7-3*2 = 7-6 = 1""]], ""metadata"": {""display_value"": null, ""styling"": null}}",,,2024-08-26 08:24:49.880309
"input: ""(2+8)*3""
output: ""(2+8)*3
= 10*3
= 30""",llama3-70b-8192,3,"Task Description: Evaluate a mathematical expression step-by-step, providing the original input, intermediate calculations, and final answer in a concise, equation-like format, with each step separated by an equals sign (=).","{""headers"": [""Input"", ""Output""], ""data"": [[""(2x + 5) / (x - 3) when x = 7"", ""(2x + 5) / (x - 3) = (2*7 + 5) / (7 - 3) = (14 + 5) / (7 - 3) = 19 / 4 = 4.75""], [""10 - 3(2 - y) when y = 5"", ""10 - 3(2 - y) = 10 - 3(2 - 5) = 10 - 3*(-3) = 10 + 9 = 19""], [""(3z^2 - 2z + 1) / (z + 2) when z = -1"", ""(3z^2 - 2z + 1) / (z + 2) = (3*(-1)^2 - 2*(-1) + 1) / (-1 + 2) = (3*1 + 2 + 1) / 1 = 6 / 1 = 6""], [""10-2*3"", ""10-2*3 = 10-6 = 4""], [""5*(3-1)"", ""5*(3-1) = 5*2 = 10""], [""7+11/3"", ""7+11/3 = 7+3.67 = 10.67""]], ""metadata"": {""display_value"": null, ""styling"": null}}",,,2024-08-26 08:29:31.557654
"{""input"": ""(2+8)*3"", ""output"": ""(2+8)*3 = 10*3 = 30""}",llama3-70b-8192,3,"Task Description: This task type involves evaluating a given mathematical expression and providing a step-by-step solution, where the output is a series of equalities that break down the calculation into simpler steps, ultimately arriving at the final answer. The output format is a string that starts with the original expression, followed by one or more intermediate steps, and ends with the final result, with each step separated by an equals sign (=).","{""headers"": [""Input"", ""Output""], ""data"": [[""2x + 5 - 3x"", ""2x + 5 - 3x = -x + 5 = -x + 5""], [""(3y - 2) / (y + 1)"", ""(3y - 2) / (y + 1) = (3y - 2) / (y + 1) = (3y - 2) / (y + 1)""], [""4(2a - 1) + 2a"", ""4(2a - 1) + 2a = 8a - 4 + 2a = 10a - 4""], [""12/4+2"", ""12/4+2 = 3+2 = 5""], [""7-3*2"", ""7-3*2 = 7-6 = 1""], [""9*2-5"", ""9*2-5 = 18-5 = 13""]], ""metadata"": {""display_value"": null, ""styling"": null}}",,,2024-08-26 08:32:53.594687
